Car,Mp01,Mp02,Mp03,Mp04,Mp05,Mp06,Mp07,Mp08,Mp09,Mp10,Mp11,Mp12,BIW
Small,3.25353528,2.66352038,4.51242308,4.41865882,4.49508853,4.66074984,5.42697182,5.57279169,0.46762859,4.82795971,6.89240594,12.43691673,3.25
Small,3.212729247,2.661336883,4.492284394,4.331037126,4.451892412,4.685765099,5.421312664,5.485381007,0.463670667,4.851617509,7.053499498,12.3396329,3.23278657
Small,3.20867382,2.724215747,4.5110515,4.401936035,4.492110197,4.625840687,5.430595497,5.655585911,0.465609075,4.909963879,6.960461166,12.32015947,3.20787768
Small,3.308768442,2.652832297,4.451539843,4.503263161,4.420389191,4.659407672,5.357685464,5.647647655,0.458316611,4.77509038,6.880731626,12.41771294,3.30664727
Small,3.207698497,2.674041067,4.431314845,4.514684945,4.583543607,4.652527341,5.451539114,5.604899457,0.46779229,4.868877061,6.947539771,12.52805054,3.33035122
Small,3.31164187,2.690047777,4.407621505,4.452945151,4.527133504,4.747979936,5.539117539,5.519947373,0.461523925,4.870157109,6.72486827,12.42193149,3.25570091
Small,3.254783838,2.627942121,4.602003436,4.322863672,4.574458528,4.576453147,5.544171566,5.643903726,0.45773349,4.929480962,6.985884451,12.28546309,3.17951548
Small,3.216356632,2.645596162,4.597198074,4.521304324,4.426111864,4.586414066,5.437822862,5.625016045,0.461240718,4.820526993,6.885310725,12.28317429,3.19171481
Small,3.185898747,2.728016187,4.411222167,4.372606479,4.502865554,4.716904307,5.303214157,5.707023322,0.466700155,4.741371554,6.844593501,12.62535254,3.30603082
Small,3.181295721,2.719611437,4.407137368,4.45185451,4.465558323,4.719832073,5.538855317,5.596412169,0.474403185,4.944597531,6.872510376,12.51455188,3.23810688
Small,3.199674196,2.691735743,4.515410089,4.352418835,4.51032635,4.712780656,5.437118461,5.48106507,0.4609045,4.904832118,6.869005644,12.3263737,3.31182892
Small,3.272765774,2.689704264,4.545544153,4.364044727,4.575243159,4.646936352,5.303751691,5.703283217,0.478067536,4.85673778,6.986501936,12.7037506,3.22741315
Small,3.295171518,2.727350196,4.53461791,4.343615571,4.465325394,4.585566893,5.307738551,5.611245724,0.456988156,4.875475843,6.920797955,12.70234756,3.32192969
Small,3.21575879,4.2111776,5.3101649,5.88861998,6.10457172,7.85503619,7.18256967,6.70579668,2.41733906,5.01734711,11.07812133,10.82332691,3.26
Small,3.139556338,4.111866546,5.381449813,5.963832321,6.248570748,7.804144226,7.131183507,6.54982207,2.363279344,4.972785396,11.32205296,10.6262862,3.23705075
Small,3.141496804,4.143204208,5.228205986,6.01732907,6.154643858,7.754035401,7.202875455,6.568723344,2.435868083,5.132421865,11.31314114,10.8534057,3.26538272
Small,3.244898877,4.167658699,5.224774595,5.887780875,6.174953962,7.99326297,7.347916838,6.624832429,2.413806726,4.982628927,11.35432624,10.60786849,3.19131866
Small,3.258254585,4.225244773,5.192308218,5.886137813,6.171343164,7.95556713,7.123252764,6.807863351,2.358091833,5.132820384,11.10417218,10.71190101,3.33014721
Small,3.206294895,4.120276934,5.207220766,5.909212732,5.979802993,7.979859196,7.110793379,6.811694553,2.425012694,4.895244062,11.2451806,10.90579402,3.30355386
Small,3.213689715,4.264256609,5.257417111,5.83451253,5.992751738,7.735283179,7.177988623,6.669645041,2.380589527,4.928798289,11.20134688,10.9518274,3.27574673
Small,3.13658376,4.139936796,5.392525503,6.000341458,5.952947832,7.978546373,7.131458875,6.774635849,2.417542572,4.896400074,10.99869672,10.78436635,3.20808071
Small,3.286544908,4.114000106,5.41401727,5.80438416,5.953300817,7.969931087,7.3611532,6.562876065,2.423675868,5.100246568,11.25330922,10.93043717,3.27481115
Small,3.184790343,4.281750813,5.280783236,5.915366549,6.180824214,7.709812444,7.219152792,6.684329092,2.377521201,5.072142901,11.14571241,10.57332592,3.32055766
Small,3.165292597,4.183472034,5.359721383,5.998881801,6.20920022,7.951609514,7.056763731,6.666541184,2.370843907,4.893508685,11.19817302,11.05261771,3.25567149
Small,3.251311879,4.189164191,5.259049091,5.82345035,6.153731202,7.888514997,7.300795297,6.812694651,2.411491569,4.897689403,10.84091334,11.06622806,3.2958387
Small,3.276518626,4.239585198,5.182338181,6.018443252,6.161059272,7.928013252,7.103584148,6.683239584,2.459865819,5.09033641,10.80699049,10.9799698,3.20189894
Small,6.69285975,4.98160931,5.13818283,5.8133242,5.0515308,5.00052795,20.18770474,8.38780399,3.2685605,7.90511759,10.53291924,17.17169151,4.01
Small,6.805843903,4.901948582,5.091744936,5.758327093,5.024975716,4.934324508,20.57339854,8.280374514,3.33429975,7.71150565,10.46719637,17.20573037,4.09132392
Small,6.827355672,5.084070053,5.064466056,5.773645672,5.047708531,4.888000083,20.45507209,8.554413132,3.330672048,8.098238493,10.78257798,17.50931982,3.93927024
Small,6.857620816,4.967662191,5.114411836,5.751398772,4.961661035,4.876025131,20.50965267,8.372358209,3.29924816,7.772658384,10.38243191,17.26247468,4.05840733
Small,6.755233455,4.895297155,5.0479236,5.756211612,5.135033975,5.086855033,19.88261097,8.290305115,3.347367435,7.774567857,10.37072347,17.14504789,4.0955108
Small,6.678114966,4.985371871,5.065900285,5.945380164,5.039663934,4.989606673,20.28032554,8.455333468,3.219256104,8.06737414,10.62629169,16.94390539,4.06014057
Small,6.740172389,5.043782399,5.116997176,5.879474856,5.034721763,4.890488632,19.69316529,8.370974412,3.219390511,7.922151962,10.67702222,17.14231697,3.91014683
Small,6.654629075,4.952398943,5.073955656,5.929515384,5.034899461,5.065924936,19.99417897,8.297075176,3.310201964,7.826369845,10.3166665,17.04124864,4.01977806
Small,6.812405995,5.012428434,5.018927097,5.783033449,5.032044283,4.916120928,19.88303053,8.181579968,3.204412113,7.888519886,10.54535973,17.07598235,3.91696789
Small,6.635670935,5.014580833,5.129148081,5.924619108,4.976416227,5.028330819,20.26897249,8.281065214,3.235792992,7.862852851,10.37866112,16.82120733,4.09010866
Small,6.813677272,5.082662998,5.193499574,5.780571327,4.947160029,5.02726708,20.21473561,8.219411313,3.247458785,7.737950212,10.49050647,17.42364585,4.07738625
Small,6.816138567,4.896493572,5.201204433,5.798328557,5.004618667,4.968275692,20.46430932,8.547344985,3.259725905,7.815347773,10.33571808,17.52385827,3.97538825
Small,6.833576103,4.94909207,5.162087451,5.815051139,5.085433817,5.044991789,19.69962914,8.509388252,3.274910438,8.087632507,10.73630348,16.89730546,3.96558228
Small,5.67889691,4.99229151,5.24296657,5.32365494,5.0779503,5.19567629,7.38083603,8.60763855,2.891243,8.62521789,9.32229898,10.61925325,3.8
Small,5.61345326,5.090428051,5.192060539,5.420941698,5.187391647,5.188392249,7.324462323,8.496960583,2.840540844,8.464324467,9.5260308,10.50459503,3.81102652
Small,5.571249536,5.07383706,5.366127672,5.401130846,5.079109963,5.318329427,7.423487964,8.576251914,2.823692605,8.673864148,9.113512383,10.4998399,3.82117936
Small,5.594928695,4.910641977,5.337363331,5.327244852,5.184041367,5.198725925,7.42412321,8.683549892,2.903203024,8.741086784,9.256824376,10.8312343,3.80261704
Small,5.572025681,5.103281059,5.130686326,5.284450641,5.029492459,5.141412442,7.428319929,8.629092681,2.898071912,8.703353996,9.435469446,10.57481657,3.71123274
Small,5.608666652,5.035970852,5.264529633,5.373759662,4.965977853,5.074235076,7.250785158,8.461765076,2.922210216,8.808212029,9.259652097,10.35996987,3.71470115
Small,5.72161694,4.942538335,5.210135838,5.404451124,4.98402089,5.135790388,7.238141154,8.713692864,2.825492653,8.436000392,9.401277481,10.76430585,3.83876985
Small,5.704775678,4.897376307,5.229653044,5.339987105,5.096551394,5.244881712,7.296754711,8.470962282,2.898163787,8.740824899,9.126252478,10.55882201,3.78659877
Small,5.759732248,4.970225464,5.257472218,5.373525545,5.071180785,5.074224066,7.472742309,8.803391371,2.867782455,8.446921282,9.422333411,10.55610667,3.83155438
Small,5.666244195,5.097498871,5.257885548,5.396699269,5.173888508,5.166681069,7.493948768,8.731138485,2.863736818,8.64784566,9.275064652,10.51320873,3.74929293
Small,5.583881033,5.013579589,5.163700031,5.210892857,5.088174407,5.18734027,7.337915624,8.606550258,2.937270752,8.803670183,9.498890149,10.51550782,3.87689087
Small,5.551849849,4.965712176,5.209377777,5.353152406,5.193438792,5.176334655,7.202440787,8.504486843,2.8260278,8.586341104,9.55198401,10.60551457,3.82192537
Small,5.570647885,5.070834313,5.119259581,5.419639473,5.118922375,5.168771704,7.396068849,8.703775252,2.906434246,8.800708115,9.449596476,10.86626279,3.84536478
Small,3.86358643,2.90148956,6.25861148,4.21488213,4.09781429,5.91952354,5.22387815,5.03826742,6.68478425,4.55809402,5.64676298,11.84981235,3.56
Small,3.89598528,2.935845145,6.317712888,4.210664841,4.132749871,5.958180699,5.205070798,4.985895574,6.578698994,4.671315278,5.779141316,12.03167847,3.54078487
Small,3.846544601,2.964641845,6.231941186,4.315373124,4.081429754,5.858183376,5.203143536,5.003762003,6.562745822,4.466605925,5.740688601,11.73570392,3.5095715
Small,3.802002478,2.860436285,6.154938172,4.193582792,4.089010635,6.055634366,5.273859504,5.035821329,6.835246622,4.549350923,5.586319526,11.688969,3.61378047
Small,3.786336839,2.926440228,6.317244291,4.148372442,4.191960104,5.966448156,5.23540329,5.117929272,6.539832437,4.613662789,5.562119756,12.06409314,3.49954411
Small,3.918163531,2.926048807,6.165996421,4.3166573,4.04593196,6.038773262,5.260224788,5.023392847,6.721681081,4.588352152,5.730030831,11.61161943,3.61497603
Small,3.818329493,2.962666461,6.353013603,4.273995353,4.026909061,5.89824857,5.129013378,5.071482204,6.518385083,4.454311122,5.748923091,11.88317144,3.59039898
Small,3.94001797,2.934423686,6.248840871,4.175871656,4.188812149,6.011404014,5.10542524,5.11013377,6.778037216,4.571657972,5.692266133,11.93996753,3.55172706
Small,3.785543714,2.836252914,6.390352698,4.182068422,4.159505618,5.811843668,5.232162412,5.087995166,6.718900511,4.471149333,5.627099441,11.89108019,3.62978659
Small,3.809657914,2.856070485,6.389983068,4.295121355,4.183957714,5.984476765,5.121090847,5.078821524,6.547412447,4.493145179,5.518214366,11.62246623,3.47305651
Small,3.917171596,2.860956126,6.161785258,4.196928779,4.103653548,5.986127817,5.254171624,5.08124604,6.620759121,4.650856931,5.599944104,11.59909494,3.57369637
Small,3.833177999,2.914989981,6.236921585,4.133901888,4.136837764,5.812382912,5.279446398,5.000406392,6.545151539,4.671310891,5.678839587,11.84586201,3.4882619
Small,3.847030176,2.952795014,6.409261931,4.14121071,4.081093893,5.920642065,5.201344859,5.098960474,6.841975995,4.603017093,5.781148074,11.59254615,3.51451945
Small,2.19681687,2.6034985,2.09263453,2.01251076,2.08013561,3.349092,5.48236272,2.4108065,0.6939518,5.22087976,6.86732069,11.53062418,3.36
Small,2.205469699,2.639385431,2.144635045,2.00279484,2.101675906,3.316087144,5.353872116,2.428224069,0.699972397,5.288465848,6.73530703,11.73414957,3.38533742
Small,2.21468988,2.548164533,2.118805857,2.047820992,2.04191908,3.3670102,5.526397234,2.449724283,0.678493792,5.199310328,6.980103169,11.79674425,3.2909662
Small,2.178543263,2.539406873,2.065277416,1.966917548,2.054647269,3.284249941,5.536620395,2.361140874,0.70448368,5.268072731,6.818016741,11.52549539,3.41302518
Small,2.163026072,2.657056137,2.056180447,1.968482993,2.035598143,3.392542316,5.600285627,2.433396017,0.684264844,5.256279078,6.710789873,11.81507282,3.43719549
Small,2.174164293,2.601576717,2.059350403,2.056164385,2.086135398,3.366641069,5.5837265,2.409541744,0.693271271,5.252257373,6.816965701,11.80711849,3.33164465
Small,2.247239929,2.570272074,2.120466333,2.052154474,2.116462758,3.327746146,5.473123695,2.412784419,0.679302876,5.179877817,6.741197299,11.757895,3.43470009
Small,2.198360435,2.545989334,2.061262358,2.015500757,2.08085236,3.361981873,5.51591891,2.379588881,0.703585761,5.194413562,6.912328612,11.27185025,3.4128511
Small,2.142170191,2.590356407,2.087885699,2.003055731,2.075328324,3.301404118,5.516394041,2.384744499,0.684547582,5.103110045,6.723437462,11.74480068,3.34530515
Small,2.24157612,2.651829585,2.116058707,2.046046889,2.031188571,3.303695177,5.480828885,2.449563643,0.690774206,5.302611947,6.992787629,11.41264031,3.37434344
Small,2.152915993,2.543504195,2.090716116,1.976833279,2.051702235,3.407505492,5.387768002,2.453295966,0.699958358,5.220642588,6.945560617,11.66490823,3.28959525
Small,2.20322501,2.643830907,2.123364629,2.041002035,2.127046031,3.32437772,5.346250922,2.387069828,0.693243475,5.232998928,6.768017904,11.59721524,3.39243018
Small,2.199158817,2.564769853,2.097781166,2.02620474,2.128513848,3.310415464,5.401325744,2.419034944,0.704587084,5.090380026,6.812991573,11.45626723,3.36834634
Small,2.01076481,3.02162211,2.22306859,2.14454093,3.21796304,3.07240084,3.84915084,3.68477214,0.61041388,3.74719056,4.61743311,7.74700767,3.58
Small,2.040796847,3.043127673,2.220878396,2.132120724,3.141096489,3.047806722,3.816174592,3.669629673,0.598664637,3.805503896,4.600476467,7.838406563,3.53518451
Small,2.059753569,3.031202738,2.192449834,2.18336036,3.250105278,3.044472961,3.881374477,3.65250975,0.615583774,3.692478647,4.611154764,7.73023634,3.54876316
Small,1.976054177,3.027351613,2.240399156,2.109237372,3.238389627,3.085327876,3.786142237,3.738828449,0.615460557,3.732835811,4.576112976,7.771284916,3.52215595
Small,2.018095121,2.997423423,2.224096833,2.117963497,3.24782903,3.137684815,3.891569132,3.736048582,0.607187536,3.691835472,4.530362872,7.6274604,3.5968292
Small,2.034301502,3.054890893,2.168826977,2.126474235,3.279006371,3.041698797,3.835252089,3.762807249,0.609806749,3.762313533,4.608552436,7.731748902,3.5798215
Small,2.01578159,3.087896476,2.228367334,2.174296586,3.240627449,3.135442984,3.91569297,3.760809959,0.6092363,3.717900463,4.513961202,7.739495283,3.60038729
Small,2.009183537,2.979348236,2.218272549,2.091574723,3.174512823,3.101532327,3.865455008,3.769503585,0.604342048,3.7618994,4.698004724,7.745098128,3.4992854
Small,2.001495445,2.967098213,2.233781446,2.153313713,3.275455754,3.137062624,3.833566483,3.701567268,0.599852919,3.672219577,4.535235212,7.875104505,3.6374863
Small,2.012859116,3.084932557,2.196352848,2.162338396,3.168742287,3.099586713,3.777018114,3.762362586,0.621445274,3.811063102,4.565781355,7.790218475,3.57188991
Small,2.016590905,3.096982888,2.270879888,2.098549152,3.222939666,3.101904306,3.943477071,3.691960514,0.595600522,3.657455695,4.555977394,7.746708875,3.55667469
Small,2.026295949,2.959841569,2.173631438,2.15655638,3.25118573,2.995973252,3.792428425,3.665811734,0.595360244,3.734612543,4.675885955,7.885516347,3.64964238
Small,1.97067679,3.065074542,2.270169745,2.099096715,3.17097973,3.102935283,3.782210498,3.748703161,0.6048655,3.829054822,4.543622339,7.798771443,3.63864743
Mid,2.85252539,2.15123792,5.37090247,4.81207444,5.0162135,4.0775986,4.99359064,5.81390841,1.60162543,5.7390211,8.39477903,11.5011697,2.02
Mid,2.90065636,2.118383581,5.437544856,4.769783852,4.928544802,4.094542147,4.921225664,5.846909351,1.603599515,5.637651117,8.25607195,11.75281565,2.01003016
Mid,2.867569354,2.179716883,5.432751562,4.843260756,5.110679706,4.063402911,5.065764095,5.720095593,1.591664477,5.784701092,8.227601,11.76501046,2.00333752
Mid,2.865352523,2.14756428,5.381511753,4.867866072,4.96377782,4.172739965,5.050079746,5.905139054,1.597282402,5.629321113,8.587219867,11.49708714,2.05409372
Mid,2.922852362,2.103851917,5.409992552,4.776486674,4.978648636,4.049229908,4.971399659,5.934291411,1.572544672,5.642343375,8.492528662,11.76873408,1.98270643
Mid,2.84550691,2.111341324,5.289605691,4.840508674,4.920070753,4.020247233,5.014354364,5.738005368,1.590813378,5.789977538,8.20345334,11.4772816,1.99826856
Mid,2.800678342,2.185685225,5.482868941,4.872304504,5.111245512,4.010070674,4.937525785,5.678998236,1.590185435,5.633875881,8.471192775,11.38038905,2.04406347
Mid,2.799874813,2.103925175,5.251118622,4.838222768,4.953111619,4.139061122,5.068791963,5.740538696,1.574697339,5.65554047,8.405436545,11.43156537,1.97551333
Mid,2.799527913,2.097487907,5.385505906,4.772860549,4.893350641,4.166218684,5.107606388,5.928158683,1.614583924,5.802651752,8.259190135,11.61992585,2.06093705
Mid,2.781326108,2.176394989,5.353106456,4.720882289,5.080661823,4.076376035,4.944835818,5.833656328,1.595568901,5.704452611,8.413143886,11.54188132,1.99579472
Mid,2.815251541,2.117090632,5.307609376,4.853788177,4.9365483,4.023415482,4.970075908,5.79147781,1.619429564,5.693382112,8.594897237,11.38849901,1.96971136
Mid,2.806413005,2.167867478,5.497764645,4.885033648,5.032715489,4.10557549,4.921515447,5.703409752,1.623270114,5.671449913,8.553164146,11.26332554,2.06839015
Mid,2.796936544,2.18218949,5.37785987,4.715116745,5.110703982,4.038226835,4.951980528,5.930567003,1.636131094,5.782550056,8.198751969,11.63330424,1.99746623
Mid,2.16773665,1.73874017,4.29807692,3.31521062,3.32628593,3.26979076,6.17636438,4.10598004,1.58507002,7.04574333,7.90693831,9.80922371,2.93
Mid,2.117020594,1.718902715,4.402064796,3.313635805,3.405069204,3.230416519,6.082570581,4.130427345,1.57892135,6.890916519,7.856433267,9.722207434,2.87909712
Mid,2.204001019,1.746472434,4.211580058,3.259674745,3.352996078,3.299470676,6.115644575,4.167054196,1.579066669,7.044403254,8.004507767,9.8852772,2.95310762
Mid,2.12884898,1.754853606,4.315686252,3.383624067,3.39398507,3.324225251,6.301746505,4.013831864,1.589898062,7.080550858,8.010136129,9.838010292,2.97694243
Mid,2.2066472,1.704434255,4.324717934,3.38509422,3.347796058,3.205539796,6.151904283,4.127421703,1.616820172,7.118171343,7.979223709,9.730866928,2.9879204
Mid,2.160082258,1.697410169,4.328984486,3.332668627,3.394785026,3.351322643,6.328710564,4.146174591,1.594396094,6.915750132,7.948271587,9.756142324,2.97408968
Mid,2.143960903,1.725427864,4.366943022,3.254200859,3.387674914,3.31309589,6.203432374,4.027856519,1.617332199,6.986247737,7.981670354,9.952875333,2.94582757
Mid,2.155059302,1.697936807,4.374888042,3.242285718,3.304989863,3.267826256,6.041780638,4.078834863,1.588637229,7.085199747,8.086599009,9.707907748,2.95649186
Mid,2.178130027,1.715198994,4.279546997,3.342762916,3.281574268,3.208268998,6.087484202,4.167530724,1.609445123,7.20017782,8.049094464,9.833219458,2.89125766
Mid,2.147964094,1.768082211,4.350353675,3.356240757,3.31260985,3.304373739,6.117545091,4.116282799,1.584320766,7.122244879,7.921537104,9.793721486,2.97521525
Mid,2.130819846,1.721902299,4.343547663,3.314657066,3.388164228,3.209917132,6.159960365,4.083715565,1.580958741,6.956944189,7.785532697,9.896667243,2.94418673
Mid,2.124208785,1.741075156,4.338717785,3.259579208,3.391839259,3.339626379,6.099018442,4.0574622,1.597243742,7.173528801,8.021931552,9.742028631,2.89367792
Mid,2.178622279,1.710335482,4.2207062,3.358507694,3.374864321,3.318252994,6.281965652,4.008244254,1.59850404,7.114576902,7.925489671,9.62447398,2.94855194
Mid,0.55219831,0.44273737,0.41479337,6.73988486,6.46580703,6.23220914,4.69970881,5.38139369,1.88967123,3.80660991,5.95690825,8.37741364,3.5
Mid,0.554376357,0.450134287,0.40537321,6.694533841,6.483003798,6.280200808,4.647933895,5.444663037,1.934378452,3.856504844,6.100523394,8.175217705,3.43382214
Mid,0.547994368,0.433848367,0.407554993,6.711630089,6.308995792,6.364589276,4.800748615,5.250870507,1.855451142,3.723498554,5.827044571,8.375551697,3.54022283
Mid,0.540814439,0.442872035,0.414217462,6.892838055,6.540666692,6.133563747,4.789611323,5.417051396,1.886950053,3.886519824,6.00385988,8.445710928,3.41371793
Mid,0.565242574,0.436063133,0.404707421,6.767665165,6.341175435,6.337388304,4.637530489,5.453742748,1.894763733,3.718923571,6.016333726,8.414462578,3.47032262
Mid,0.558834486,0.436716538,0.419692567,6.788194858,6.484719652,6.118817956,4.751530421,5.441756804,1.90126219,3.794828307,5.89509262,8.430842753,3.57899225
Mid,0.565007343,0.452570724,0.415972258,6.629609212,6.579322251,6.101015787,4.594322223,5.277009766,1.933413101,3.83475799,6.085604402,8.186682355,3.57403857
Mid,0.542727843,0.433751478,0.424392742,6.576603574,6.431118178,6.260502919,4.757902062,5.316068377,1.869992678,3.836528614,6.021034006,8.434420464,3.46177183
Mid,0.544716757,0.44793334,0.41458605,6.69137545,6.503387937,6.210354528,4.666595033,5.3762919,1.86839298,3.875844271,5.981961869,8.552414113,3.46781674
Mid,0.564921669,0.452126084,0.421661155,6.678914529,6.456069463,6.172684246,4.800057964,5.456791644,1.854703977,3.826472603,6.035395106,8.265607206,3.58070918
Mid,0.549145878,0.439745963,0.423125763,6.78827998,6.339591328,6.149731269,4.697684008,5.34267822,1.885529565,3.853602223,5.915344615,8.278660749,3.53457745
Mid,0.547482884,0.447416661,0.421597667,6.624203937,6.600943629,6.333572481,4.787762847,5.247095996,1.935648741,3.875438238,5.928042833,8.483511476,3.43415503
Mid,0.554274781,0.453592586,0.423171751,6.630092919,6.602764609,6.220709184,4.752205338,5.469392667,1.897884331,3.822249422,5.880263498,8.578533928,3.5296249
Mid,4.27707328,3.87678363,7.0877791,5.8584881,6.94549734,5.57722711,7.00063581,7.91357267,7.00618767,10.0518604,11.42495947,14.05161215,3.38
Mid,4.33312808,3.793602103,6.983708772,5.768851671,6.773614821,5.71446337,7.000693343,7.836838165,7.016595709,10.29336668,11.65163273,14.3866522,3.33131007
Mid,4.240803498,3.93896814,6.935806246,5.726477833,6.781211116,5.670829823,6.920585241,7.933573139,6.899913969,10.10180605,11.23135565,13.89103955,3.32144581
Mid,4.354337139,3.9389935,7.074999111,5.716102887,6.872791816,5.685457615,7.097931905,7.825765052,6.891322159,9.971953768,11.69062716,13.81603096,3.35174607
Mid,4.376342665,3.971400753,6.944751545,5.913846515,6.77884493,5.642972645,6.839153594,7.830167549,6.903323811,10.12391903,11.25598311,14.06238544,3.32121482
Mid,4.372503345,3.967458568,7.080299178,5.90012771,6.859563451,5.575186098,6.998686391,7.975125769,6.851438495,10.03607103,11.65271119,13.80451135,3.2972203
Mid,4.230169737,3.875229619,7.187140959,5.986311563,6.912375936,5.536111268,6.903265108,8.014975532,6.937443659,9.939292903,11.47994346,14.0217494,3.32079213
Mid,4.215821589,3.819370872,7.151108175,5.829649056,7.035959767,5.617472864,7.164954389,8.090010757,6.924021368,10.07864039,11.45974918,13.73728421,3.33327735
Mid,4.241934668,3.891876309,7.219686945,5.827472909,6.811486457,5.663258237,7.171787969,7.892139421,7.150748939,10.05168808,11.27038399,13.75892045,3.44794924
Mid,4.280074252,3.838601116,7.251578106,5.716046013,6.940090155,5.638701971,6.976786793,7.832362687,6.964316142,10.00346738,11.25900139,14.16109418,3.34263529
Mid,4.200647183,3.897201529,7.107919732,5.753639389,6.854422299,5.694936254,7.155176305,8.034367301,6.96162638,10.2708484,11.41851828,13.99591616,3.40778348
Mid,4.174071594,3.784559006,6.913661332,5.727342629,6.905233779,5.62895278,7.167930662,7.859885513,6.893843166,10.1545679,11.47080353,14.39195514,3.35863191
Mid,4.31488845,3.850207873,7.031225635,5.771945556,7.057042002,5.649715343,6.855340485,7.94405296,7.057335622,9.86978971,11.18743325,13.77909057,3.4113853
Mid,5.5456846,5.03380998,7.26681926,7.7187134,5.675311,7.68896411,9.86149702,6.25404508,2.0740313,8.00198739,11.06215721,15.06934086,3.29
Mid,5.419191507,5.013050222,7.440106195,7.859328989,5.610969167,7.499957413,10.09133451,6.398623017,2.1125128,8.096823882,10.84124375,15.36757124,3.23258687
Mid,5.489605684,5.097170218,7.25663284,7.674946383,5.622552477,7.626255632,9.693997847,6.134925551,2.1065612,8.042853808,11.03333484,15.05903797,3.34814949
Mid,5.529238623,5.021587179,7.139487405,7.544039729,5.588839308,7.526393706,10.06935285,6.382212788,2.037418633,8.084895684,11.26192542,15.15534352,3.27499926
Mid,5.430690748,4.995178905,7.090955017,7.857271724,5.766486532,7.553544357,9.805780771,6.297401573,2.053471521,8.0905767,10.79621604,14.74211239,3.25232085
Mid,5.590142384,5.027173926,7.342098828,7.661408425,5.638290301,7.880514809,10.10141315,6.395830739,2.125664215,7.928447586,10.90046889,14.91590653,3.24142426
Mid,5.595405851,5.032589791,7.4228057,7.655929168,5.616663225,7.609654604,10.09283518,6.385596475,2.088092035,7.99513086,11.26160119,14.81662644,3.2561278
Mid,5.647630171,4.992580399,7.331426695,7.653445771,5.740740088,7.847744497,9.790457102,6.329339811,2.09478015,8.007795194,11.33027779,15.35215043,3.22223677
Mid,5.669543712,5.026348332,7.135569369,7.599826754,5.709855617,7.774116519,9.641720548,6.352180118,2.031569625,7.959754957,10.80753681,15.09691422,3.21417615
Mid,5.617974313,4.960012719,7.355660017,7.67963685,5.545069024,7.856845803,9.711110541,6.157157666,2.099630801,8.076129483,10.96568656,15.3909701,3.26334911
Mid,5.55401153,4.928465628,7.200104389,7.898467382,5.602350431,7.744871737,9.809995608,6.401801779,2.027308083,7.903294451,10.89780802,14.87744272,3.30776375
Mid,5.414242125,4.994165686,7.2976885,7.783994971,5.545712982,7.498775109,10.00551957,6.302801733,2.07227151,8.180093453,10.90665607,15.05933991,3.32598839
Mid,5.467191644,5.033262597,7.129146732,7.52931163,5.54208061,7.875845,9.764074874,6.228322244,2.041195251,7.933275595,10.83538654,14.76588388,3.30179927
Mid,21.31016103,8.39779491,10.30302324,11.02194141,6.44505853,6.38671907,8.13857614,8.01371854,1.97571331,10.984782,12.0662746,24.099349,3.82
Mid,21.08038132,8.217131734,10.42221521,10.74848511,6.409354673,6.392138733,8.20570191,7.972440313,1.994458792,10.87516646,12.02702184,24.1149971,3.89589988
Mid,20.89447138,8.460213278,10.31700482,11.03170201,6.292673082,6.511439903,8.013264142,8.146958389,1.932634025,10.93614396,11.86258723,24.4153789,3.80246123
Mid,21.79437347,8.40930768,10.11956482,10.89664895,6.294630702,6.286012148,8.052065351,8.121732609,2.000042368,11.18187402,12.29737703,24.35852955,3.72611184
Mid,21.19836791,8.486359011,10.21598337,11.084455,6.313700027,6.36724945,8.120411332,8.0548966,2.020649399,10.78768416,12.21369949,24.1369489,3.86631008
Mid,21.74677197,8.563947048,10.51359286,10.99429106,6.577253242,6.505462421,7.960607557,8.113056142,1.959165455,11.10505904,12.24049971,24.5192565,3.87025621
Mid,21.61129523,8.486802783,10.23092889,11.27559924,6.53456932,6.39004311,8.017482744,7.8491409,1.946521234,10.83854,11.91406022,24.33573063,3.7500232
Mid,21.67893172,8.224012564,10.42601776,10.94233644,6.546924579,6.542818215,8.305375809,7.873519153,1.932658988,10.9685567,12.30187124,24.57728328,3.90732093
Mid,21.63424135,8.596486883,10.10158354,10.83854216,6.363237264,6.338731618,8.331796502,8.034860566,1.949022625,10.79682563,12.15216486,24.38123242,3.78586639
Mid,20.83363943,8.591491693,10.10473476,11.11557079,6.428011543,6.312353116,8.176260107,7.848250352,1.939454736,11.01182549,12.36478648,24.50228225,3.8863269
Mid,21.63121141,8.255982797,10.44248757,10.81933207,6.565082298,6.454765343,8.106255701,8.090492795,2.016320239,10.89213815,11.90779528,23.66345903,3.78179467
Mid,21.2166149,8.430185262,10.53616019,11.23871425,6.502182458,6.39460567,8.168106714,7.937528374,1.958264644,10.86601969,11.79477019,23.98209473,3.8964853
Mid,21.246394,8.280951517,10.50901663,10.91796192,6.364738696,6.520638422,8.311196552,7.931883845,2.02000921,11.2280898,12.12945852,24.08480015,3.76099381
Mid,6.1537186,6.12117688,10.22666573,4.96011598,6.45116064,5.39411537,9.05474384,6.83999338,2.14714116,7.21889013,12.73939989,19.28025333,3.74
Mid,6.034871481,6.216845579,10.35344028,4.87495504,6.554450506,5.278356582,8.988454672,6.728374461,2.129592473,7.231151687,12.46946637,19.16745244,3.67019589
Mid,6.053552899,6.064744053,10.33124262,4.952330585,6.524940915,5.384557861,9.194989684,6.902527747,2.140002214,7.185152692,12.86649578,18.9097912,3.69707009
Mid,6.235557289,5.992558997,10.2417086,5.012998232,6.523884799,5.518307501,9.072479547,6.862702021,2.161078182,7.310883015,12.99458292,19.29649195,3.74049961
Mid,6.198331774,6.257697581,10.30297953,4.951157066,6.466790171,5.517738434,9.062311221,6.72422432,2.116176915,7.158394904,12.72906698,19.31679771,3.73236179
Mid,6.116911539,6.100820165,10.4372563,4.985432316,6.469875969,5.391314706,9.137384636,6.744699808,2.14205743,7.054363558,12.60445871,18.87375166,3.75834935
Mid,6.048525851,5.993172072,10.18795839,4.95109357,6.493258798,5.416780189,9.229154794,6.917864162,2.170366917,7.398812708,12.4751143,19.12340491,3.80638896
Mid,6.245002729,6.020897968,9.996699951,4.881091541,6.557573114,5.268071731,9.234095592,6.930816985,2.161992634,7.111139416,12.97630004,19.48543605,3.81411393
Mid,6.131907436,6.096471275,10.07262186,5.0091862,6.523964734,5.498650958,8.959075308,6.872155162,2.196307804,7.217369555,12.52508172,19.3838057,3.77699041
Mid,6.167010509,6.084870004,10.20232746,4.853178942,6.507123617,5.46318537,9.075393795,6.684525337,2.113312632,7.173674116,12.7915203,18.95782531,3.82805349
Mid,6.289468818,6.054400708,10.05711233,5.00839296,6.555384861,5.293883605,8.997423162,6.808816094,2.117084439,7.397131172,12.58000698,19.49148038,3.72251937
Mid,6.175243992,6.165966826,10.02310367,4.910304497,6.319656859,5.497960901,8.834731832,6.697757837,2.093965651,7.208489122,12.73593364,19.68705929,3.68449168
Mid,6.190789843,6.039236193,10.22004013,4.934636197,6.299230065,5.505245525,8.895940182,6.803219065,2.136199284,7.268498853,12.72775716,19.0731786,3.73716594
Mid,2.25362084,1.70463893,1.96284125,1.97211372,2.17443482,2.61116243,2.64208921,1.52182307,2.34559597,4.3513025,3.5915181,5.9555072,1.7
Mid,2.245815218,1.723646901,1.963033021,1.965882591,2.129722641,2.644734852,2.5771569,1.522698465,2.377002524,4.354860198,3.521144008,5.817151172,1.68639823
Mid,2.259440048,1.682371945,1.997910182,2.01462827,2.152283139,2.651717436,2.6897163,1.528377502,2.39398356,4.273656015,3.579296385,6.034904705,1.71195651
Mid,2.261533573,1.736826223,1.982370001,1.979790405,2.169705871,2.600925651,2.614149827,1.504893853,2.388769848,4.267101883,3.650076117,6.040546145,1.70173807
Mid,2.262309781,1.690241088,1.947241105,1.931603587,2.156887431,2.589500651,2.596010616,1.536581493,2.398764887,4.342763085,3.662385956,6.049979444,1.73915911
Mid,2.298897568,1.701590182,1.989423116,1.929911132,2.154538238,2.560946287,2.649951846,1.55511622,2.3200488,4.286382041,3.615930252,5.862659151,1.68109281
Mid,2.230778963,1.684658782,1.961205249,1.972867909,2.134520763,2.648491388,2.585328958,1.522135601,2.358780249,4.414177575,3.583327085,6.028560985,1.69425707
Mid,2.200563925,1.679719377,1.951891833,1.961748605,2.123103072,2.658436675,2.706658956,1.558679198,2.310065445,4.300649487,3.678494666,5.828411969,1.67135805
Mid,2.250333057,1.676164358,1.938085642,1.950812316,2.185520837,2.616946576,2.581862642,1.544464464,2.317758474,4.271627324,3.644135989,6.074154258,1.6702471
Mid,2.30635742,1.744332924,1.958957099,1.96311794,2.182290959,2.651382614,2.599200363,1.513389113,2.293158091,4.330013501,3.612961083,6.001143575,1.68585243
Mid,2.285877672,1.692531192,1.993072423,1.960238859,2.150285885,2.558016338,2.688431473,1.487552734,2.357250221,4.355125148,3.551233507,6.045655279,1.71100007
Mid,2.237923357,1.688262278,1.943038394,2.001943404,2.126594223,2.554949495,2.681278651,1.550805116,2.343904968,4.308141823,3.529982902,5.866437851,1.68001044
Mid,2.219785235,1.713557111,1.969497106,1.969406598,2.159781439,2.605184044,2.684645031,1.545672311,2.369627935,4.373716626,3.58694922,5.980816572,1.72414416
Mid,7.35126365,5.50986147,5.51950373,5.60301789,4.02783304,6.89540347,5.78395927,6.95696025,1.82353584,5.241457,6.7325619,13.0320398,1.9
Mid,7.529796803,5.506230662,5.47114813,5.566672886,4.067689298,6.938864422,5.819219093,6.928311833,1.828218852,5.173774587,6.803061053,13.20837456,1.91207327
Mid,7.363335563,5.586794519,5.574290208,5.537993061,4.051608241,6.748000493,5.846187718,7.113145722,1.850245541,5.354343826,6.835662582,12.80185079,1.89820062
Mid,7.328466472,5.390076571,5.441411648,5.636050741,3.960685843,6.724711445,5.795026708,6.820165857,1.851101512,5.177155409,6.696747042,12.71502069,1.88189056
Mid,7.264043699,5.600141263,5.606135205,5.490733765,4.092992861,6.921154286,5.850020681,6.855450587,1.852592287,5.197025911,6.734534604,13.08843392,1.88795222
Mid,7.233206184,5.616889311,5.553648767,5.670753305,4.019025139,6.784099745,5.718324113,6.790442295,1.818693401,5.240183903,6.847638019,13.26289674,1.8889476
Mid,7.484773593,5.404905677,5.474594864,5.566982901,4.059888102,6.922356598,5.763156833,6.944341951,1.837225718,5.272711449,6.753885259,13.16398867,1.92724373
Mid,7.467561304,5.535349531,5.533069465,5.654218691,4.104031472,6.870320065,5.811241975,6.8788425,1.811293977,5.350233958,6.887577337,12.82758415,1.88714482
Mid,7.33475175,5.519225113,5.632658271,5.570174491,4.021194293,6.736744311,5.650857144,6.865566604,1.852567672,5.143402855,6.574439051,12.74624065,1.85397054
Mid,7.481599785,5.596117729,5.60251235,5.530882194,4.05422973,6.889773385,5.65417367,6.872318554,1.78558914,5.300721835,6.691690591,13.07467572,1.85383137
Mid,7.375155814,5.624279491,5.399140409,5.527077645,4.066628605,6.866574936,5.842135869,6.959346637,1.803555083,5.176833971,6.777335937,12.90790796,1.85368558
Mid,7.195076237,5.424346696,5.508914545,5.697290056,4.119845092,6.747632118,5.866049592,6.889500243,1.782695934,5.28519847,6.684614814,12.71092024,1.92137465
Mid,7.177563616,5.552012928,5.634781518,5.485407586,4.026001155,6.791896233,5.6522988,6.991742944,1.84713892,5.221570519,6.566016922,12.86013365,1.94343132
RV,2.90341482,2.54260978,2.39870705,4.1334683,2.79612477,9.02755074,10.50850753,4.4442407,2.62736977,4.85369226,5.91004458,12.21516541,3.25
RV,2.968452851,2.543904281,2.441934862,4.195009687,2.797514949,8.856429741,10.69016552,4.47190595,2.565000986,4.744105031,5.833576872,12.51093056,3.19934074
RV,2.927485152,2.536925489,2.389019312,4.118231717,2.765909019,9.034202926,10.73194758,4.363303404,2.598737942,4.970942884,5.974054598,12.01394,3.23738194
RV,2.905515034,2.481231585,2.397971,4.234662127,2.824012479,9.150881038,10.66669762,4.522972656,2.614568751,4.910164649,5.96348718,12.35502954,3.25796832
RV,2.849514269,2.489322916,2.45432751,4.075380997,2.800337989,8.903051583,10.75126918,4.483244648,2.664357569,4.833619012,5.810320948,12.50771784,3.2494439
RV,2.933937006,2.569351522,2.418426201,4.120063882,2.862938901,9.003016305,10.5878345,4.455297525,2.576469653,4.907781941,6.051691296,12.47272994,3.17157454
RV,2.971862203,2.605581564,2.387537926,4.195509212,2.770868596,8.955317027,10.3308002,4.521045343,2.564056426,4.924051443,5.852488641,12.20683201,3.24168995
RV,2.864840992,2.533112136,2.369074974,4.039895564,2.851045001,9.250734177,10.29430435,4.537452219,2.617671004,4.963352816,6.0132783,12.00850039,3.18140971
RV,2.870325396,2.550948959,2.421987781,4.213172237,2.859255675,9.03114309,10.50445858,4.476623047,2.667507734,4.762895323,5.969388265,12.51586628,3.19583734
RV,2.870598694,2.520756127,2.382103694,4.13062257,2.840819713,9.16474976,10.71044466,4.454326582,2.638274823,4.84145574,5.969469294,12.19327675,3.17929414
RV,2.889847179,2.487576151,2.417009544,4.118206672,2.792609176,8.851542779,10.27987634,4.463060671,2.692593319,4.823167268,5.93357993,12.45193873,3.26351027
RV,2.878959233,2.484286962,2.426701202,4.04653013,2.761579997,8.867357168,10.45600565,4.387819008,2.577867836,4.875929452,5.925815988,12.09693572,3.32723854
RV,2.862388772,2.600488259,2.418502216,4.081344795,2.805419072,8.97165776,10.50746285,4.349103389,2.581288318,4.756435918,5.816642933,12.01310926,3.24611757
RV,5.35067542,4.95501682,6.8335089,5.57905415,4.13649513,7.6800869,9.58675839,7.87552853,3.92589584,5.61761571,5.91004458,10.50091845,4.69
RV,5.295101815,4.909349048,6.709651611,5.580826589,4.178239629,7.795462184,9.439321909,7.962628952,3.834103583,5.667455458,5.887689563,10.24195916,4.67374184
RV,5.218532967,5.009455373,6.77727657,5.653936207,4.236999165,7.865681762,9.722801958,7.996215948,3.973503112,5.735665868,5.971622607,10.34347414,4.68460859
RV,5.411658101,4.985439338,6.930304292,5.699653257,4.147669376,7.579925649,9.606062743,7.908242387,3.941755253,5.714540441,5.948334612,10.35390841,4.62728779
RV,5.404801856,4.842284199,6.705298371,5.462956918,4.214789211,7.724985439,9.685150328,7.779624597,3.886642696,5.545379507,5.985953633,10.27098592,4.73812874
RV,5.337986707,4.885684453,6.974490202,5.623632593,4.034729931,7.775345876,9.583889768,7.929752414,3.889414907,5.497302807,5.771889719,10.37889035,4.6473897
RV,5.413086437,5.0077976,6.678274483,5.677398332,4.201801317,7.718767416,9.718179117,7.821479025,3.918196696,5.736804788,5.957276121,10.75795866,4.6881429
RV,5.474881344,5.067776484,6.838342467,5.487162357,4.238104371,7.51715187,9.607891649,7.728346439,3.980239023,5.666908027,5.83328405,10.60065789,4.75437177
RV,5.439253038,4.861182276,6.675405549,5.675299703,4.219642871,7.736612315,9.529107199,8.024339786,3.962480634,5.477962831,5.919880637,10.42036143,4.80069288
RV,5.319190458,5.068761369,6.830539722,5.52365298,4.051580564,7.857653195,9.71349511,7.992384834,3.842010167,5.609379338,5.944731354,10.56494168,4.69386994
RV,5.390925854,5.051984251,6.691695794,5.656847517,4.05023358,7.822066004,9.389731977,7.804065443,3.830049658,5.536136563,5.843191651,10.57529837,4.63492553
RV,5.447811443,5.04393457,6.944101967,5.541679397,4.075216068,7.534666537,9.705798944,7.826127996,3.915163375,5.594456977,6.011076339,10.59009426,4.57370786
RV,5.410061072,4.854923977,6.799350628,5.693639717,4.035617424,7.546207374,9.58687898,7.949348293,3.917780169,5.72418087,5.840877098,10.62192825,4.67020654
RV,4.77896506,3.27338402,4.56028228,3.52822659,2.45903209,2.96512498,4.38188827,4.11755857,4.57661899,4.08789297,5.25912755,7.17575345,2.29
RV,4.736315555,3.269666778,4.597188183,3.445336618,2.491879842,2.942299393,4.360259134,4.164841704,4.526805109,4.139104115,5.336648578,7.136190684,2.30363399
RV,4.815757848,3.26587886,4.620433648,3.581531242,2.40447014,2.953432795,4.486383553,4.115153421,4.662750701,4.013620495,5.313505276,7.333835951,2.34644539
RV,4.871176758,3.243370149,4.528492534,3.467264023,2.482859656,3.00482828,4.479045665,4.184910792,4.618034557,3.989677997,5.342783218,7.352435689,2.25948601
RV,4.671088321,3.329964992,4.609871018,3.506637715,2.464262703,2.962085443,4.424775078,4.193756817,4.629584454,3.999436027,5.1767645,7.34527526,2.28190748
RV,4.757058588,3.341281407,4.624334158,3.579178146,2.460664951,3.005369404,4.341774456,4.050950238,4.47898192,4.028242741,5.279727791,7.08540524,2.2822781
RV,4.674092827,3.203816277,4.481533653,3.458354912,2.503999478,3.01473185,4.292529486,4.202438926,4.500096299,4.059317518,5.229173865,7.014935734,2.24861078
RV,4.680149159,3.216565172,4.611282232,3.530209847,2.432769614,3.032660597,4.354534897,4.121213635,4.505646582,4.057226476,5.320720969,7.132965133,2.26157257
RV,4.687186957,3.302828471,4.576931974,3.445337814,2.429343411,2.904977167,4.464118354,4.176200876,4.678097277,4.16575204,5.356783078,7.026011675,2.27938303
RV,4.772698204,3.254773756,4.521337124,3.61421682,2.429761115,2.98885492,4.30895069,4.052822844,4.481375647,4.14199568,5.224146634,7.331948563,2.32020339
RV,4.888801104,3.330489763,4.52657046,3.586524843,2.446822504,2.992208147,4.398860905,4.050045356,4.625003719,4.083088706,5.248780015,6.999261784,2.27338828
RV,4.76091975,3.225559718,4.605757238,3.470668399,2.518068547,2.959583268,4.396665447,4.116316661,4.68509247,4.056219351,5.369168431,7.071432068,2.27661861
RV,4.729555309,3.306261233,4.672359141,3.490429232,2.505397586,2.964545918,4.305308934,4.139910793,4.689114659,4.043416094,5.13898151,7.287873318,2.24989862
RV,6.36940999,4.18188448,4.90276948,4.96166169,3.29347706,3.53559529,4.98766027,4.90916006,1.85559158,3.933665,5.6526897,8.24821845,3.04
RV,6.339494729,4.182213525,4.89034791,4.961089448,3.328427107,3.595017583,4.897773418,4.884851938,1.856417663,3.912644335,5.712932923,8.44075159,3.02958528
RV,6.311520871,4.166578802,4.930616038,4.994141862,3.301724201,3.602331509,5.045671302,4.866892085,1.831605322,3.843380579,5.775982117,8.28817112,3.0877221
RV,6.368909436,4.101204989,4.932880615,4.977181914,3.26871886,3.520236078,4.978840013,4.947621115,1.895053125,3.983048752,5.757751698,8.273872785,2.96511892
RV,6.37496564,4.198013242,4.932584677,4.844121999,3.336884776,3.591650491,5.098299166,4.932978793,1.842562767,3.983629693,5.672079949,8.342921285,3.07596952
RV,6.333600824,4.07808339,4.784646535,5.067068071,3.29923995,3.529513885,4.871918253,5.007636705,1.880890209,3.861371726,5.56369212,8.102614121,3.07367786
RV,6.311087149,4.151336401,4.984797963,5.064844611,3.370700031,3.62181411,5.072797285,5.022968238,1.856498096,3.969847555,5.70427077,8.248674196,3.03328953
RV,6.506329064,4.218575191,4.803184303,5.062246425,3.288921947,3.568227902,4.908481036,4.789259414,1.886331618,3.904942834,5.67132399,8.105945424,2.96984139
RV,6.252165702,4.21785218,4.944305602,4.97903491,3.296741082,3.586927186,4.999365222,4.933935941,1.888654816,3.865227125,5.534241528,8.435624358,3.08513518
RV,6.311416138,4.238524449,4.990065565,4.945920912,3.255445115,3.569812165,4.947168266,5.011668599,1.809533809,3.915634731,5.730330625,8.403741616,3.10816453
RV,6.478725808,4.182352815,4.892644226,4.859951663,3.341581835,3.544517549,5.080079779,4.81157026,1.84796588,4.027782282,5.793925362,8.077186406,3.00166863
RV,6.503099379,4.195025214,4.973849612,5.067157768,3.227349509,3.537997412,5.097677936,4.842293073,1.840078784,3.955941676,5.564565014,8.134872001,3.07006446
RV,6.293188269,4.124539995,4.859800554,4.847744872,3.252133817,3.591599312,4.978510222,4.819668046,1.834352854,3.850017936,5.686402241,8.392036843,2.99140001
RV,5.47509194,4.72301955,4.64574534,4.17823421,4.50101279,6.52586717,4.91977056,5.90008972,6.54195915,6.2395373,7.5893793,13.149612,3.92
RV,5.585905653,4.701522588,4.693192093,4.102081596,4.537718543,6.384713351,4.844693404,6.026050618,6.437216049,6.382156726,7.66649102,13.39303208,3.87309575
RV,5.590723121,4.710537991,4.58143181,4.239617234,4.44920872,6.396828308,4.887156439,5.776427269,6.500721517,6.384882704,7.757517578,12.88647928,3.89295951
RV,5.450618127,4.688981032,4.697822686,4.230911923,4.516777907,6.579655546,4.873203804,5.948068123,6.695935051,6.352244492,7.540523855,13.03306811,3.83697061
RV,5.42438662,4.658508261,4.686631406,4.094652837,4.569946408,6.569476684,5.014977806,5.812892063,6.419327518,6.214711281,7.673286513,13.21068047,3.93434605
RV,5.502969483,4.627683801,4.571484753,4.143003751,4.412316156,6.40800512,4.967178534,5.969553667,6.589837507,6.165838203,7.634515039,13.42333405,3.99541834
RV,5.37598668,4.701446973,4.715453916,4.247632212,4.390247346,6.584860205,4.931341966,5.944028057,6.403850813,6.305486645,7.6074058,12.97971026,3.84012345
RV,5.504695199,4.726192889,4.595951636,4.120652308,4.577689507,6.625697619,4.957905874,6.021933044,6.439965707,6.097342488,7.77340071,13.0336984,3.87434901
RV,5.418556426,4.631477735,4.731677211,4.187414996,4.407670979,6.51585833,4.850837793,5.989981516,6.530732842,6.348722521,7.459492052,13.25712889,3.91261918
RV,5.448904562,4.668391012,4.617626911,4.141427425,4.399255941,6.484749751,4.824548675,5.94298315,6.697277521,6.39434063,7.424573799,13.07767311,3.93639393
RV,5.417586685,4.742718201,4.543912332,4.207640598,4.545620109,6.362850302,4.799099596,5.808642375,6.647575978,6.207139639,7.647257424,12.96191612,3.97147976
RV,5.47076838,4.643915607,4.628890372,4.225249693,4.578625795,6.567218702,4.935501262,5.830791774,6.66354017,6.107600797,7.491582573,13.40916498,3.89302909
RV,5.428877714,4.62043452,4.643197912,4.279911589,4.494068475,6.513601909,5.0154603,6.04643872,6.380229985,6.310588322,7.483134856,13.06688663,3.96038144
RV,5.06796261,4.66749649,4.77947064,4.52062624,3.67247733,4.04398332,5.68383344,8.13306713,3.8377729,6.3467755,10.40376571,12.7146532,3.6
RV,5.13362514,4.608755132,4.742334948,4.423512824,3.743784197,4.048411081,5.659010053,7.9613827,3.884680908,6.248246654,10.31319294,12.56747565,3.56862561
RV,4.965725506,4.659642835,4.72187513,4.421920559,3.588527407,4.052018786,5.646657522,8.263869288,3.768466929,6.362506604,10.3129457,12.96379954,3.57335619
RV,5.117594987,4.656374248,4.696468771,4.603033977,3.710418356,4.085682415,5.801259406,8.130078945,3.79526525,6.404804297,10.43873302,12.47635264,3.52204135
RV,5.098907726,4.738144813,4.794413075,4.558947015,3.694005017,3.985651317,5.704339203,8.292425865,3.925207274,6.287804853,10.37383022,12.78553463,3.62676906
RV,5.107675099,4.561807801,4.708619289,4.447409418,3.72232481,4.051212624,5.785392875,8.219104889,3.777932107,6.401749996,10.47454004,12.66527673,3.60312271
RV,4.951560446,4.773726859,4.742409852,4.502091961,3.708338432,4.07232713,5.693199985,8.018898554,3.93207462,6.236711216,10.1509178,12.99088993,3.58644003
RV,5.022430738,4.583587369,4.763711858,4.598627456,3.65010746,4.093459025,5.668509332,8.111467321,3.8161003,6.370808263,10.58268272,12.58206936,3.61975172
RV,5.170457378,4.775548333,4.884626998,4.494169723,3.697395217,4.069201068,5.744675588,8.138821775,3.904375344,6.287910037,10.33366932,12.45971514,3.54404086
RV,4.966245647,4.62680172,4.887971497,4.619731697,3.585279594,4.055353173,5.586794214,7.994927846,3.914811713,6.501168912,10.46060807,12.95878874,3.53280329
RV,4.949063133,4.556999303,4.730052553,4.606747081,3.732395665,4.100393986,5.763184619,8.152602168,3.75552642,6.273939145,10.53817208,12.95298663,3.62909968
RV,5.174669666,4.677831001,4.713674296,4.525185217,3.586195247,4.001559334,5.688260235,8.248147413,3.742884086,6.355858882,10.4406669,12.45381724,3.62099298
RV,5.055661888,4.639035679,4.829836224,4.582609174,3.743598973,4.008669384,5.590312037,8.01631049,3.890186116,6.41387927,10.65252332,12.73118931,3.68562098
RV,10.91864235,10.07675591,10.55938302,12.81430349,12.7803901,19.2413756,13.14041176,3.7309854,4.13413421,6.7353761,9.2126976,13.1033702,3.79
RV,10.67441185,9.832628126,10.60977349,12.97612837,12.66230725,19.56525846,13.45471596,3.689046659,4.062596742,6.577452875,9.342150145,12.8978935,3.74181022
RV,10.79885853,10.0295305,10.37334634,12.73208504,13.02173494,19.06155434,13.11020828,3.807155646,4.199247333,6.708470748,9.226058857,13.37996559,3.72526943
RV,10.93964625,10.06100454,10.650896,12.77735789,12.70040087,18.84733352,12.8904716,3.772049226,4.086675757,6.788821006,9.227373753,13.37962459,3.79094054
RV,10.92098952,9.889835803,10.71191028,12.98273773,12.49618818,19.52910467,12.87219225,3.763493199,4.213172532,6.633995,9.055254524,13.12573842,3.69647518
RV,11.06739063,10.1966577,10.48484018,12.62575772,13.08425583,19.25550531,13.13675234,3.8085472,4.068114877,6.693530465,9.272062828,12.8865298,3.7733815
RV,11.08377858,9.934244492,10.59176071,12.63187075,12.51885535,19.07614644,12.96998675,3.740759576,4.166502746,6.782947412,9.081762921,13.18002736,3.80259244
RV,10.74671545,10.0890839,10.54357897,12.87728545,12.60651238,19.29051109,13.17675408,3.805810573,4.211611047,6.666562413,9.024152813,13.30164867,3.71058508
RV,10.77453974,9.991074692,10.36702134,12.53233279,12.77581781,19.37758087,13.42660408,3.809134205,4.035955293,6.835631736,9.047714186,13.04025936,3.86988333
RV,10.66240497,9.968309379,10.82085799,12.71172882,12.84031852,19.57186276,12.93418665,3.729920496,4.195202085,6.64497287,9.134763686,12.83406894,3.73458528
RV,11.14784534,10.23791858,10.38763928,12.97034481,12.73698703,19.02575374,13.13743166,3.769070247,4.152020227,6.868228538,9.328836162,13.39842513,3.79281094
RV,11.07765882,10.05951396,10.53558086,12.74995845,12.64705666,19.09896992,12.8272372,3.668377325,4.093109572,6.729712491,9.145222792,13.2171398,3.72547463
RV,10.70959315,10.21782739,10.39127551,12.67558745,12.59003735,19.18360186,12.92455009,3.687197608,4.160246446,6.609588161,9.401981093,12.91190993,3.86027507
RV,5.67987288,6.03767944,6.49993076,8.16296679,7.62034707,12.99346786,14.06554646,3.46292376,2.70438483,3.8161913,4.2935061,9.5814163,1.63
RV,5.713782436,5.911900359,6.634930112,8.094537433,7.687051511,12.86082659,14.36330401,3.533574474,2.765216449,3.753497937,4.361525629,9.769160634,1.62466287
RV,5.563401072,5.907399121,6.605451486,8.12759445,7.710226205,12.77290258,13.75098755,3.454683318,2.703612752,3.773375547,4.37233334,9.713830215,1.60560864
RV,5.784453615,5.928324283,6.603583274,8.016756759,7.521767206,13.01789329,13.84968606,3.461273359,2.738837886,3.733886258,4.375818969,9.80962176,1.613264
RV,5.620954103,6.136131447,6.656773848,7.96749432,7.634552206,13.00448968,14.18369958,3.515680628,2.638654091,3.77910364,4.28010336,9.576601804,1.61668134
RV,5.791193473,5.958389556,6.601297052,7.959350442,7.663439238,12.95136572,13.92058695,3.509759963,2.650585256,3.721023141,4.23891174,9.591704216,1.65441031
RV,5.7489897,5.985513744,6.623428121,8.053607172,7.512739627,13.29644308,14.1898134,3.495586418,2.666431668,3.877427845,4.275235322,9.366359705,1.67072609
RV,5.642493849,6.044703705,6.55449959,8.220303292,7.493203748,12.77713264,14.01200363,3.543135247,2.664761426,3.854598596,4.394698239,9.610484378,1.64675485
RV,5.650069661,6.07450966,6.55649617,8.315547138,7.763267733,13.20755353,14.22955,3.436319065,2.709958323,3.833930124,4.324277314,9.421032015,1.64629372
RV,5.637353168,5.92479177,6.498109499,8.302051244,7.780170969,13.24317475,13.9904965,3.425933804,2.71133149,3.872060375,4.382597626,9.81829176,1.65422886
RV,5.706704607,6.0351994,6.446940856,8.005322543,7.584665874,13.12350955,14.07055734,3.423600758,2.655832378,3.812709648,4.189858339,9.76486555,1.62698418
RV,5.61460685,6.036916846,6.389856399,8.234290791,7.440821582,12.77084195,14.03600653,3.408574419,2.697163571,3.77640539,4.190505488,9.562131847,1.61339222
RV,5.625160184,5.889145249,6.631934103,8.080774776,7.697213027,12.71375862,14.08611281,3.441772214,2.675239915,3.909511124,4.369562418,9.41105281,1.58998347
RV,9.82374732,11.60319956,13.3316813,24.29379238,4.89666801,1.72915965,2.21435514,2.07067516,2.12084032,6.35464197,8.75552721,12.59995449,3.25
RV,9.633386509,11.86330355,13.44650036,23.94224718,4.941926561,1.729815089,2.161686371,2.060499423,2.070661968,6.387879311,8.860745316,12.32240982,3.31746695
RV,9.996316473,11.31798878,13.23865935,24.40300524,4.9795445,1.701231425,2.243073278,2.03971319,2.136914242,6.468724335,8.959872642,12.89413672,3.28681631
RV,9.705315768,11.45577217,13.3689215,23.68670238,4.944695255,1.71534872,2.184212368,2.039706764,2.136660689,6.200239957,8.668266316,12.73523421,3.20165537
RV,9.911354608,11.58386924,13.24648392,24.78435207,4.980669887,1.696854713,2.207742654,2.083445814,2.079887951,6.388807804,8.969898325,12.73162341,3.19597027
RV,9.915337771,11.36609299,13.4884194,23.95357817,4.779444495,1.717287243,2.207248854,2.100243734,2.072200764,6.265234904,8.860978477,12.43542146,3.24517037
RV,9.651375156,11.65357577,13.25166279,24.35455853,4.854547339,1.752618293,2.261218544,2.088038364,2.126004148,6.474684334,8.907421034,12.56642554,3.2956467
RV,9.602382978,11.66212627,13.4558007,24.36826441,4.899399047,1.697871341,2.25956198,2.027720773,2.157007643,6.405026751,8.851383353,12.53964541,3.2515098
RV,9.684896548,11.62077857,13.23885069,24.53440685,5.000888725,1.758906279,2.163064762,2.04746514,2.150694942,6.50278981,8.71493918,12.5335428,3.27249328
RV,9.646533696,11.46640753,13.31885411,24.36865755,4.909152611,1.712034694,2.187565618,2.030668923,2.097300906,6.276486696,8.655299648,12.6968653,3.31860988
RV,9.678957251,11.7610857,13.2329653,24.20449114,4.880752658,1.691991009,2.193447691,2.117917294,2.105099189,6.460579981,8.572615276,12.60732939,3.22739697
RV,9.636368666,11.62003846,13.54795683,24.53043496,4.9147655,1.761676176,2.196292749,2.122336859,2.147379197,6.428178397,8.756919997,12.36977999,3.22092674
RV,9.88372837,11.61515902,13.39708464,24.52058308,4.785436145,1.760884925,2.222384866,2.105564804,2.1204667,6.285825778,8.763447935,12.79524142,3.26897702
RV,5.77130342,5.43101,5.50349429,6.29492723,5.55335829,7.19386508,8.20992007,6.70517989,3.7163919,4.87459541,9.05991208,12.30082279,3.88
RV,5.728559901,5.521359997,5.543841694,6.440947612,5.684401484,7.17765061,8.095160092,6.839408484,3.761051204,4.85214826,8.948516132,12.25625991,3.87051508
RV,5.641446325,5.343260324,5.533810795,6.363924308,5.442848884,7.253576282,8.349241253,6.862607948,3.715324122,4.927328374,9.106361907,12.57985265,3.85248233
RV,5.726051497,5.496524202,5.574283718,6.193442752,5.471581372,7.014603208,8.024069979,6.559929893,3.765419441,4.927893454,8.882954535,12.38872804,3.94864204
RV,5.905394062,5.553233624,5.606295805,6.203365791,5.431284561,7.239889504,8.395745793,6.614477713,3.723459292,4.836808813,8.898277805,12.48878177,3.83129313
RV,5.86085497,5.296716882,5.640377578,6.448650346,5.502245815,7.160172114,8.35340946,6.739342164,3.642086705,4.897786954,9.059479335,12.24879617,3.82816526
RV,5.824717584,5.445404725,5.605455831,6.37612157,5.450653695,7.229077111,8.352282737,6.716412696,3.659855897,4.986825525,9.05460951,12.42135712,3.89814281
RV,5.820344888,5.408911654,5.502068677,6.32734125,5.416885434,7.19669223,8.183408499,6.763836711,3.772578376,4.915321884,8.93789845,12.30207097,3.95584903
RV,5.863072579,5.413212412,5.614342623,6.330934079,5.458500038,7.33372473,8.058522048,6.629664344,3.743531259,4.798770544,9.260659272,12.28303174,3.8961467
RV,5.760009279,5.450919907,5.580472113,6.413596581,5.6400902,7.339854377,8.279417485,6.645123877,3.685235489,4.75278233,9.28570045,12.35981009,3.84423923
RV,5.906441058,5.405754367,5.456948248,6.245687868,5.580468867,7.190936545,8.010739091,6.846638011,3.674193425,4.80078464,9.274752289,12.29226623,3.81632293
RV,5.643704627,5.449466836,5.418270377,6.432730352,5.451074465,7.264913418,8.278493374,6.863961146,3.777016766,4.872190347,9.066689801,12.27873653,3.89654916
RV,5.681337155,5.342260152,5.438989883,6.423514138,5.691550466,7.345146731,8.054702638,6.806995006,3.644236523,4.940590958,9.062009513,12.30060251,3.86544403
RV,3.71442646,2.89385323,2.87405119,3.84778526,4.46493246,6.52766585,8.2137895,4.54793503,2.4800768,4.1303448,4.4965892,8.2081278,2.82
RV,3.654924252,2.855734228,2.923929418,3.892831461,4.399635497,6.427417984,8.321768792,4.642680002,2.473654631,4.031108723,4.530721865,8.16075496,2.77170802
RV,3.623973585,2.881975342,2.831221539,3.928648639,4.463630692,6.519864748,8.243937331,4.653445287,2.500292786,4.054675503,4.493155987,8.027735209,2.80277408
RV,3.723119896,2.94869634,2.852299353,3.875927512,4.52613605,6.520567276,8.199681482,4.475061472,2.491595736,4.067005136,4.604127196,8.302201344,2.77663764
RV,3.764479321,2.854124639,2.836448813,3.821154785,4.508505459,6.494082253,8.390165414,4.475946979,2.521943701,4.129718547,4.598813868,8.320396068,2.85633213
RV,3.774118791,2.946026804,2.935226862,3.833423928,4.397685381,6.509226931,8.37398766,4.489354973,2.541423011,4.098983406,4.415175101,8.258453794,2.79475425
RV,3.766496385,2.861596309,2.905532658,3.773694285,4.35431258,6.584066792,8.143063585,4.650330209,2.528652867,4.224774938,4.430460882,8.371776295,2.77300796
RV,3.790291484,2.886659196,2.943203343,3.753283258,4.502420954,6.498700763,8.405499842,4.552837568,2.479017719,4.172732831,4.56928169,8.012220764,2.83392974
RV,3.731354295,2.890414246,2.843091537,3.92405603,4.505510931,6.38662379,8.160507235,4.563576234,2.431683412,4.214153709,4.548865418,8.028835757,2.79785633
RV,3.752772842,2.922400092,2.925840853,3.879023867,4.354293834,6.389017389,8.104612176,4.482836429,2.434326702,4.126413754,4.534138616,8.328404087,2.87807483
RV,3.771426353,2.888109018,2.877833463,3.840798429,4.485670169,6.624514267,8.271557255,4.527303042,2.53227223,4.07033037,4.532898537,8.223806965,2.81630435
RV,3.690313066,2.898338377,2.91236764,3.842677201,4.541870481,6.489952344,8.323619619,4.611058779,2.424027274,4.195136941,4.514636511,8.19011083,2.86207061
RV,3.697201291,2.839075784,2.903142736,3.79533358,4.539198263,6.618202327,8.302452779,4.591479956,2.437910756,4.189387773,4.394355551,8.100207632,2.76129735
